"rent","area","year","size"
741.39,"2",1918,68
715.82,"2",1995,65
528.25,"2",1918,63
553.99,"16",1983,65
698.21,"16",1995,100
935.65,"16",1980,81
204.85,"6",1924,55
426.93,"6",1924,79
446.33,"6",1957,52
381.45,"6",1948,77
337.26,"6",1957,35
756.73,"6",1985,68
945.9,"12",1918,92
264.93,"4",1957.5,23
540.58,"12",1918,79
757.74,"10",1966,82
538.7,"10",1972,72
796.07,"1",1918,178
461.19,"3",2001,49
752.27,"4",1966,87
446.55,"4",1972,43
548.17,"4",1957,61
421.03,"4",1966,60
759.57,"4",1960,89
390,"4",1918,92
436.89,"4",1918,65
174.76,"14",1957,57
354.91,"14",1967,38
491.62,"14",1985,50
695.36,"3",1992,63
540.22,"5",1966,75
325.12,"17",1976,53
598.88,"21",1966,88
466.38,"22",1971,68
374.13,"7",1960,54
488.3,"7",1972,77
662.55,"3",1957.5,79
357.05,"3",1960,36
1061.81,"15",1993,94
546.1,"9",1918,68
360.48,"9",1918,62
422.43,"9",1918,101
433.25,"13",1966,68
521.53,"2",1987,48
264.99,"11",1973,31
480.1,"11",1971,65
383.72,"4",1972,36
636.13,"10",1999,54
415.91,"10",1986,55
1355.28,"23",2001,113
575.9,"23",1966,110
935.9,"12",1971,75
624.8,"12",1985,75
606.91,"19",1968,67
347.68,"19",1970,39
373.98,"7",1966,36
1063.5,"12",1924,102
894.78,"12",1960,88
1077.23,"12",1918,147
331.67,"19",1966,65
849.24,"19",1969,85
1012.86,"24",2001,116
664.69,"23",1924,73
1022.6,"19",1989,90
640.32,"19",1972,81
649.35,"19",1983,55
699.46,"5",1918,76
479.46,"5",1957,56
400.34,"17",1984,43
1151.63,"5",1918,105
593.4,"17",1966,66
817.25,"5",1918,95
584.38,"4",1960,61
505.62,"6",1966,57
621.6,"12",1984,74
706.61,"15",1971,96
691.92,"13",1972,89
566.21,"15",1979,63
269.84,"2",1918,62
526.7,"2",1924,131
710.69,"2",2000,68
689.49,"2",1983,84
511.3,"2",1968,50
418.3,"14",1960,73
415.32,"14",1966,65
445.33,"14",1918,57
359.73,"10",1924,87
890,"9",1984,87
483.43,"9",1992,54
656.51,"9",1992,59
695,"12",1966,91
106.22,"11",1957,32
132.24,"11",1948,37
456.44,"11",1977,93
489,"13",1948,79
825.48,"18",1982,103
831.28,"16",1966,92
715.82,"18",1960,70
637.38,"13",1989,76
813.78,"13",1992,72
339.5,"13",1973,90
598.23,"25",1957,72
361.97,"25",1924,66
693.57,"25",1966,80
549.98,"25",1973,72
621.79,"24",1998.5,65
352.85,"24",1993,71
969.36,"21",1983,109
298.95,"21",1997,55
456.94,"21",1997,60
292.28,"21",1966,35
649.82,"13",1974,102
363.91,"5",1918,32
1749.15,"13",1918,123
679.01,"13",1972,82
643.64,"13",1972,71
727.96,"5",1918,80
963.84,"13",1966,107
338.34,"19",1960,65
718.07,"19",1983,70
892.13,"2",1918,95
1217.15,"2",1918,126
338.15,"2",1960,42
466.43,"3",1968,50
570.1,"20",1966,79
673.47,"15",1960,73
562.58,"9",1974,55
639.13,"9",1918,166
619.94,"9",1918,115
426.73,"5",1957.5,39
294.82,"5",1918,72
304.23,"5",1918,58
587.99,"8",2000,50
308.99,"8",1924,69
516.5,"8",1918,62
998.83,"15",1993,82
951.37,"15",1988,94
679.38,"16",1968,88
505.67,"16",1966,73
292.61,"16",1969,38
536.87,"16",1969,65
613.55,"16",1972,76
546.5,"14",1960,78
246.48,"14",1924,61
588,"3",1924,51
756.34,"17",1918,89
149.62,"17",1957,60
237.75,"5",1918,58
261.19,"17",1968,23
476.53,"16",1968,77
379.86,"23",1970,71
181.98,"10",1960,47
907.53,"10",1966,97
767.94,"10",1970,105
740.71,"24",1967,70
678.93,"23",1972,89
705.29,"9",1918,110
458.92,"9",1960,50
560.76,"9",1918,83
559.87,"13",1993,54
690,"4",1983,77
920.34,"4",1966,97
469.08,"20",1966,66
324.67,"20",1969,41
685.04,"4",1966,87
410.74,"25",1924,88
608.43,"16",1992,59
383.48,"16",1984,40
505.23,"16",1974,77
586.11,"16",1989,78
585.03,"9",1966,70
605.78,"9",1918,58
536.74,"9",1960,66
690,"19",1985,58
423.43,"19",1982,68
352.5,"19",1970,34
387.96,"19",1966,65
428.93,"19",1966,46
277.93,"16",1966,35
1150.42,"1",1960,110
392.98,"11",1970,77
1038.48,"12",1985,96
490.85,"2",1972,40
389.77,"2",1918,64
618.17,"2",1918,79
718.86,"2",1998.5,82
377.08,"17",1969,77
552.21,"17",1970,65
871.77,"16",1984,76
419.27,"6",1957,57
383.47,"6",1998.5,36
635.69,"6",1918,93
527.76,"7",1972,87
647.81,"7",1985,79
345.72,"7",1966,38
680.36,"10",1972,101
517.59,"10",1966,53
414.65,"22",1969,72
722.92,"21",2000,82
524.14,"22",1971,55
410.97,"13",1972,40
175.81,"25",1918,61
1113.78,"14",1966,140
314.74,"14",1948,59
551.55,"13",1967,57
773.69,"12",1918,70
487.61,"4",1966,40
762.35,"3",1918,68
486.4,"4",1960,50
400,"4",1983,34
1119.75,"4",1918,102
538.07,"3",1918,51
1153.77,"4",1972,120
300.42,"12",1972,27
564.01,"8",1918,98
637.03,"2",1987,91
562.43,"12",1957,67
496.15,"3",1918,65
261.98,"3",1957,54
926.93,"5",1960,91
393.2,"19",1966,66
565.09,"19",1971,85
613.56,"20",1974,74
592.96,"7",1996,53
458.82,"6",1972,81
279.35,"7",1967,35
800,"23",1988,80
563.96,"19",1978,76
389.77,"19",1968,38
1288.48,"19",1973,146
488.55,"18",1957,62
766.95,"18",1979,90
921.23,"9",2000,100
373.25,"9",1966,35
331.87,"9",1957,34
344.06,"18",1971,30
529.56,"18",1957,63
617.65,"18",1957,46
239.07,"7",1918,65
424.71,"7",1973,54
377.2,"7",1960,62
591.44,"25",1966,61
521.52,"3",1918,46
627.66,"3",1957,71
426.91,"3",1957,50
695.45,"1",1966,71
184.11,"16",1918,46
661.31,"16",1948,87
869.21,"5",1918,92
304.22,"5",1918,50
997,"5",1948,103
458.11,"15",1971,55
163.17,"21",1918,56
640,"21",1971,68
485.74,"12",1967,43
559.76,"12",1918,82
505.08,"21",1991,65
603.34,"21",1970,65
673.87,"21",1981,75
594.4,"7",1970,105
554.73,"7",1975,76
768.15,"25",1981,91
664.69,"9",1957.5,42
764.5,"19",2000,80
257.3,"8",1987,52
1022.6,"2",1918,80
1195.52,"2",1995,135
890.59,"2",1918,82
327.23,"2",1918,34
392.05,"2",1966,32
544.93,"11",1974,62
583.75,"12",1918,113
501.08,"6",1957,73
676.33,"16",1993,87
658.42,"6",1960,85
747.22,"6",1998.5,73
450.97,"7",1973,33
848.76,"4",1918,90
203.75,"12",1957,43
1094.18,"12",1990,90
521.52,"25",1969,66
592.84,"11",1985,50
271.11,"11",1960,49
855.03,"4",1972,73
272.96,"11",1966,66
602.69,"4",1980,68
700.47,"25",1998.5,70
486.06,"13",1966,83
777.19,"13",1966,95
603.33,"13",1967,70
448.42,"16",1995,74
509.28,"16",1973,72
789.96,"16",1983,74
390.26,"16",1988,60
956.13,"18",1966,105
769.76,"11",1966,63
753.29,"3",1983,69
664.69,"3",1972,78
923.67,"3",1918,84
556.89,"3",1957,82
1236.38,"5",1918,125
284.92,"5",1924,61
974.84,"5",1918,107
506.18,"5",1960,55
882.24,"5",1983,99
461.81,"24",1948,90
516.77,"10",1969,114
572.66,"10",1966,49
654.97,"10",1987,74
594.54,"24",2000,59
425.36,"10",1972,46
505.38,"9",1918,54
653.44,"9",1918,64
814.56,"9",1918,80
282.77,"9",1918,53
471.66,"17",1960,62
511.44,"17",1989,73
593.11,"17",1957,69
378.37,"17",1948,51
1073.73,"17",1977,100
283.9,"4",1948,25
710.94,"11",1972,78
408.89,"4",1983,47
864.1,"22",1966,86
363.35,"21",1970,33
619.69,"21",1918,120
862.57,"21",1918,110
499.23,"19",1969,75
938.61,"19",1967,82
611.96,"2",1972,55
826.91,"8",1918,100
442.9,"10",1966,60
877,"9",1971,77
238.62,"9",1918,98
983.17,"9",1948,105
107.74,"9",1939,41
819.13,"9",1985,90
417.47,"9",1960,82
1095.49,"4",1978,100
735.52,"3",1918,67
710.24,"15",1991,57
632.47,"6",1972,52
870,"6",1918,96
495.84,"7",1970,63
268.36,"6",1957.5,34
637.85,"8",1987,82
894.78,"5",1918,78
444.83,"2",1918,40
587.99,"2",1918,62
485.73,"9",1918,49
766.95,"9",1990,72
720.93,"9",1918,69
652.04,"9",1971,77
536.86,"9",1973,55
332.6,"9",1972,40
584.6,"9",1972,64
1344.72,"9",1993,125
442.46,"16",1998.5,105
602.6,"16",1989,55
562.43,"16",1987,50
384,"14",1975,54
334,"14",1966,63
239.44,"14",1966,50
910.11,"2",1918,96
541.87,"1",1918,32
372.34,"5",1924,90
841.08,"5",1918,93
261.53,"16",1948,47
640.14,"21",1981,76
688.31,"21",1983,65
1789.55,"21",1994,98
311.87,"11",1960,58
263.21,"3",1939,64
345.23,"4",1960,34
487.89,"3",1957,60
479.87,"4",1918,82
1089.39,"4",1957,111
484.04,"3",1987,50
619.98,"3",1980,54
1216.99,"18",1974,105
551.64,"9",1918,107
81.28,"6",1918,43
344.24,"9",1918,120
674.26,"25",1983,88
170.04,"9",1918,68
591.56,"25",1966,74
171.61,"9",1966,34
840.22,"2",1957,93
390.44,"3",1975,40
683.74,"19",1972,86
778.34,"18",1960,95
370.71,"5",1960,55
447.83,"16",1918,102
286.95,"18",1948,40
359.17,"5",1960,69
442.29,"18",1966,83
77.31,"19",1948,43
257.18,"19",1948,31
635.94,"19",1982,80
533.66,"19",1957,93
240.31,"19",1957,26
424.38,"25",1960,77
260.41,"25",1957,43
249.1,"25",1957,53
426.61,"25",1948,72
287.36,"25",1957,58
624.3,"25",1993,68
352.79,"6",1918,46
595.66,"3",1957.5,74
355.59,"9",1993,51
432.87,"9",1948,69
321.77,"2",1957,44
377.25,"3",1957,72
288.88,"3",1966,78
994.29,"3",1957.5,85
945.91,"2",1966,105
383.36,"2",1918,83
587.99,"9",1994,47
995,"9",1918,95
640,"9",1960,58
732.87,"9",1957.5,84
516.05,"9",1957.5,80
647.81,"4",1948,79
610.77,"4",1918,118
281.21,"18",1968,28
1073.73,"18",1986,95
537.44,"18",1918,53
367.78,"17",1948,76
250.09,"16",1966,58
404.72,"17",1957.5,72
445.13,"18",1966,70
564.27,"18",1976,80
562.43,"18",1948,57
613.33,"18",1972,62
542.86,"18",1957,59
1165.75,"18",1960,101
320.07,"18",1966,35
824.21,"5",1918,80
307.68,"5",1918,72
498.79,"18",1960,73
357.91,"5",1975,32
1053.25,"18",1997,61
761.94,"18",1968,91
460.17,"18",1996,47
368.59,"18",2000,52
417.34,"18",1939,52
584.25,"5",1918,70
532.31,"18",1957,50
733.6,"18",1918,110
745.62,"1",1918,63
483.69,"3",1948,48
574.25,"14",1966,69
746.32,"2",1918,82
480.88,"2",1948,79
402.91,"2",1918,100
640.39,"2",1918,95
458.03,"11",1972,86
283.36,"19",1969,37
483.16,"19",1971,70
457.2,"19",1971,46
637.95,"19",1969,91
634.76,"19",1987,78
749.05,"7",1972,91
741.39,"7",1966,94
434.24,"6",1966,60
573.37,"16",1970,86
659.58,"16",1969,85
422.3,"16",1973,69
379.29,"16",1973,52
441.41,"8",1957.5,95
805.33,"22",1983,104
680.03,"4",1918,72
677.46,"4",1990,72
1012.86,"4",1957,85
605.31,"4",1957,85
689.2,"4",1918,103
613.56,"4",1957,62
628.29,"4",1948,75
482.96,"3",1957,55
843.65,"2",1918,75
488.08,"3",1966,58
267.48,"9",1957.5,36
366.55,"25",1924,78
818.08,"2",1918,81
383.47,"9",1918,44
460,"9",1918,71
244.5,"9",1918,20
393.7,"9",1939,44
818.07,"10",1924,100
649.36,"9",1918,80
971.47,"9",1988,80
463.4,"5",1918,40
541.8,"5",1918,67
698.14,"5",1918,102
574.62,"17",1972,60
716,"4",1960,81
299.62,"11",1948,40
501.07,"12",1948,52
676.68,"5",1918,94
642.88,"13",1960,55
579.28,"13",1991,63
498.5,"17",1918,65
420.5,"17",1918,60
329.01,"23",1966,51
169.74,"10",1960,53
324.72,"23",1948,56
489.78,"21",1948,60
676.46,"6",1968,86
568.98,"18",1987,52
408.02,"17",1966,60
336.29,"17",1970,48
806.79,"17",1960,92
623.02,"16",1973,83
668.34,"16",1966,87
230.15,"14",1975,32
441.41,"18",1960,65
489.58,"18",1957.5,71
602.16,"5",1918,80
285.7,"18",1969,17
511.31,"3",1968,55
306.78,"1",1918,40
485.24,"12",1960,59
591.67,"12",1957.5,76
714.87,"3",1918,97
850.48,"21",1960,110
1035.68,"21",1957,110
386.65,"3",1993,49
951.81,"2",1918,95
579.81,"2",1957,54
680.03,"14",1985,78
450.96,"15",1991,40
968.16,"14",1998.5,104
369.05,"3",1957,49
653.16,"3",1918,90
479.95,"25",1957,52
533.75,"25",1966,66
200.84,"25",1948,65
349.06,"25",1948,57
899.73,"25",1966,100
843.64,"19",1973,85
597.47,"19",1924,87
1308.94,"19",1957.5,120
676.77,"5",1924,180
528.03,"13",1966,54
856.24,"4",1983,86
971.47,"4",1966,92
369.84,"4",1957,33
408.84,"4",1957,52
334.41,"4",1924,70
711.56,"25",1972,87
563.79,"6",1918,80
585.44,"9",1918,55
770.34,"18",1993,89
622.11,"14",1993,55
246.18,"14",1957,41
1173.94,"5",1918,185
537.38,"5",1957,80
293.22,"14",1966,57
562.43,"14",1966,59
383.48,"13",1969,40
688.31,"13",1986,90
477.73,"13",1998,53
1037.94,"13",1991,98
639.12,"16",1993,55
1091.6,"3",1957.5,80
618.67,"3",1957,76
741.39,"3",1948,79
312.92,"12",1967,26
408.32,"12",1957,46
826.26,"5",1918,93
350.63,"5",1960,48
383.47,"17",1957,37
493.43,"5",1972,40
666.51,"5",1981,63
664.69,"16",1971,75
551.7,"16",1971,77
585.09,"16",1970,72
450.96,"16",1966,70
593.77,"16",1976,78
598.22,"12",1948,67
420.15,"2",1960,58
618.84,"17",1948,68
507.02,"17",1957,73
531.75,"17",1986,60
734.54,"5",1918,85
1017.49,"2",1998,80
567.55,"2",1993,46
500.06,"2",1957.5,61
331.17,"2",1918,38
593.11,"2",1957,56
134.37,"2",1957.5,60
195.72,"8",1918,40
659.64,"8",1918,100
773.08,"13",1918,70
313.78,"5",1918,73
279.21,"5",1960,51
660.79,"15",1991,66
474.4,"6",1918,120
574.14,"7",1968,65
180.4,"7",1957,56
736.42,"6",1918,117
360.56,"6",1924,76
736.9,"12",1918,70
536.87,"24",1960,50
682.79,"4",1967,68
531.76,"4",1918,88
372.6,"4",1993,89
575,"2",1957,84
282.93,"1",1957,31
705.59,"24",1972,88
513.26,"24",1966,69
1004,"10",2000,90
434.6,"10",1966,56
448.55,"17",1960,74
564.65,"17",1957,63
423.99,"17",1971,54
684.73,"16",1977,86
1043.73,"2",1918,106
276.33,"9",1948,87
310.91,"9",1966,33
460.17,"9",1918,53
363.77,"9",1948,72
509,"19",1968,78
643.26,"20",1948,63
385.61,"7",1966,78
700.68,"16",1974,74
380.62,"15",1988,40
399.49,"15",1969,52
999.22,"15",2000,130
687.26,"17",1966,71
394.21,"2",1957.5,53
435.21,"2",1957,65
370.72,"8",1918,67
368.13,"11",1985,31
1073.73,"12",2000,115
620.34,"12",1971,107
413.09,"12",1998.5,56
724.37,"25",1966,79
384.03,"25",1969,56
1057.04,"21",1989,99
494.07,"20",1983,59
465.74,"10",1924,72
265.22,"9",1918,90
343.3,"3",1957,68
398.54,"9",1966,61
787.2,"9",1924,80
706.83,"9",1993,60
220.81,"9",1957.5,50
562.43,"7",1966,65
392.8,"7",1970,72
299.57,"6",1957,34
550.53,"6",1918,68
383.69,"6",1966,37
224.61,"3",1960,26
613.05,"16",1969,74
583.2,"16",1973,71
573.43,"22",1967,100
807.86,"22",1983,85
398.69,"11",1972,32
367.65,"12",1971,64
372.63,"11",1971,38
618.67,"24",1996,75
484.02,"23",1970,65
568.35,"10",1966,69
381.87,"9",1981,65
480.74,"10",1975,59
1298.7,"10",1990,120
392.95,"5",1970,30
1232,"5",1918,112
462.8,"5",1970,40
460.17,"7",1986,54
418.24,"7",1974,61
423.51,"7",1966,77
817.22,"7",1974,114
210.76,"13",1948,92
1578.39,"5",1998.5,130
950.01,"5",1974,87
422.07,"10",1997,40
418.73,"10",2000,51
927.08,"24",1970,100
404.79,"10",1969,58
625.1,"10",1972,83
827.69,"2",1939,93
614.58,"2",1918,85
452.16,"2",1957,68
450.73,"2",1957,67
135.21,"16",1924,45
394.61,"19",1960,65
444.41,"19",1973,37
598.82,"19",1972,87
269.25,"16",1924,52
399.5,"14",1960,83
766.95,"3",1924,75
875.24,"1",1966,81
425.64,"4",1924,74
419.46,"4",1957,33
547.15,"9",1966,71
601.59,"9",1979,60
815.53,"2",1985,77
196.85,"2",1960,26
635,"2",1918,92
1266.05,"3",1918,105
337.5,"3",1957,42
399.61,"8",1957,79
359.02,"8",1918,65
390.57,"8",1957.5,33
279.53,"8",1957,51
908.72,"15",1957,120
713.27,"15",1966,87
966.36,"15",1988,89
590.54,"14",1987,61
652.49,"15",1983,74
637.82,"15",1967,81
494.53,"4",1948,87
741.38,"2",1960,60
623.65,"2",1918,85
690.26,"2",1957.5,79
1661.55,"13",1966,150
583.32,"13",1983,63
570.1,"13",1957.5,58
874.32,"5",1918,78
1452.93,"5",1918,125
270.71,"16",1948,58
305.45,"16",1918,62
337.35,"3",1966,32
290.42,"3",1972,28
541.39,"3",1918,103
723.59,"3",1918,115
797.51,"3",1957.5,77
715.82,"3",1966,79
1022.68,"3",1918,105
559.54,"12",1989,59
479.41,"3",1957.5,70
327.52,"3",1972,32
410.57,"7",1966,33
393.37,"7",1966,61
229.06,"6",1918,40
342.57,"13",1957,64
560.58,"13",1957,61
364.3,"21",1967,47
484.01,"18",1960,57
464.56,"23",1968,45
270.07,"23",1996,64
561.35,"23",1966,80
520.49,"24",1957.5,107
387.24,"11",1966,61
328.39,"11",1966,48
657.68,"11",1960,65
815.71,"11",1998,75
319.21,"3",1957,69
460.17,"1",1918,68
603.34,"3",1957,62
286,"3",1948,36
989.17,"3",1918,85
655.48,"4",1960,78
345.75,"3",1957,69
609.58,"3",1957,70
782.19,"3",1957.5,61
355.36,"21",1966,42
644.34,"5",1918,82
243.44,"17",1918,62
392.18,"17",1966,51
568.93,"7",1989,64
535.92,"25",1966,70
254.75,"25",1960,24
1003.38,"25",1996,102
415.57,"20",1974,57
713.26,"20",1975,85
661.5,"6",1966,90
352.68,"9",1993,49
1385.12,"9",1991,128
738.8,"9",1948,70
306.61,"9",1918,24
582.37,"9",1966,62
920.33,"9",1924,125
224.55,"25",1918,57
524.09,"25",1973,59
487.77,"25",1960,72
501.96,"21",1966,86
640.83,"21",1966,74
548.79,"21",1995,55
523.33,"20",1970,67
177.36,"25",1957,56
564.02,"25",1948,78
714.27,"13",1966,90
377.59,"5",1948,76
468.92,"25",1957,64
686.32,"25",1948,85
280.7,"25",1957,48
504.4,"20",1966,86
364.18,"20",1966,72
345.79,"25",1970,34
193.38,"12",1918,66
193.18,"12",1918,102
883.53,"12",1918,100
362.13,"4",1966,34
306.4,"4",1972,31
771.5,"5",1974,70
490.85,"13",1979,40
580.32,"14",1998,55
667.25,"2",1918,89
601.65,"2",1972,64
711.45,"2",1918,121
370,"2",1957,71
347.74,"2",1957,50
967.62,"2",1918,87
627.58,"2",1918,85
617.6,"4",1960,86
375.3,"24",1966,69
639.21,"11",1973,55
721.38,"11",1918,97
330.55,"4",1966,25
675.71,"4",1939,67
1143.05,"13",1970,115
354.63,"13",1972,30
645.85,"18",1994,46
316.62,"12",1957,44
493.4,"2",1957,62
456.33,"2",1918,59
801.7,"2",1957.5,125
421.68,"16",1993,40
704.08,"13",1990,77
649.02,"16",1983,85
663.33,"16",1993,69
642.39,"15",1998.5,53
783.23,"15",1957,79
438.7,"4",1957,60
525.37,"4",1957,55
723.49,"16",1970,88
342.57,"16",1970,37
235.2,"16",1971,27
510,"16",1969,88
577.77,"5",1918,87
157.51,"6",1957,62
509.47,"24",1966,68
444.21,"9",1989,50
629.09,"9",1924,66
604.17,"9",1960,83
398.82,"9",1957.5,45
678.4,"3",1957,52
317.43,"9",1918,71
434.61,"9",1980,53
717.71,"10",1924,96
525.71,"7",1966,69
920.34,"6",1966,86
494.28,"6",1924,60
460,"16",1982,58
598,"16",1973,68
378.36,"16",1970,55
824.58,"1",1918,122
1538.43,"1",1983,178
716,"4",1918,120
434.56,"16",1957,105
766.95,"16",1990,75
356.41,"3",1918,75
727.54,"9",1957,67
525,"9",1970,73
737.3,"4",1957,79
439.2,"2",1918,125
376.26,"2",1992,78
712.79,"3",1996,70
491.79,"8",1918,100
449.27,"8",1918,52
1467.69,"5",1998.5,118
484.66,"9",1918,86
359.8,"14",1966,48
531.76,"3",1957,63
419.04,"3",1966,51
793.33,"4",1918,103
515.67,"3",1960,54
384.31,"4",1957,46
1023.31,"12",1918,116
444.83,"7",1966,35
733.72,"20",1975,86
715.82,"20",1988,66
562,"6",1966,56
603.34,"1",1918,60
821.61,"1",1918,136
1102,"1",1918,173
823.19,"5",1918,87
905.01,"19",1998.5,77
733.77,"4",1957,140
569.69,"4",1957,87
818.08,"1",1918,90
751.6,"1",1980,66
712.33,"1",1967,75
329.63,"3",1957,27
384,"14",1972,22
281.22,"14",1948,50
786.38,"14",1998,77
324.6,"14",1948,80
509.9,"14",1983,75
785.76,"25",1998,73
765.24,"25",1918,100
692.57,"25",1960,74
368.13,"25",1957,36
377.16,"25",1957,80
938.6,"25",1980,88
710.95,"25",1998,80
556.38,"18",1982,65
894,"5",1918,81
362.28,"5",1924,96
472.49,"5",1957,56
617.6,"5",1957,80
359.47,"4",1957.5,57
328.64,"3",1957,52
423.55,"25",1948,54
359.92,"18",1957,41
1505.66,"1",1918,170
382.96,"1",1957.5,88
275.19,"1",1957.5,32
245.42,"1",1957,30
664.69,"11",1973,87
715.82,"2",1918,92
681.05,"2",1918,76
387.95,"2",1939,69
403.91,"25",1960,54
271.05,"19",1968,28
710.71,"19",1991,75
521.33,"22",1966,73
624.75,"22",1966,55
542.12,"25",1924,75
616.6,"25",1967,100
594.64,"5",1918,62
305.73,"5",1918,74
443.88,"5",1918,87
531.52,"5",1918,80
242.35,"16",1918,54
715.82,"17",1999,73
499.23,"5",1957,68
175.99,"17",1948,42
876.44,"5",1918,140
353.69,"5",1918,32
415.6,"17",1957,55
403.93,"5",1957,40
539.93,"18",1966,95
356.88,"18",1966,37
586.97,"18",1957,83
338.48,"18",1948,45
833.42,"18",1996,63
976.58,"9",1918,102
715.82,"18",1998.5,60
834.15,"19",1980,111
1133.94,"19",1993,94
319.46,"19",1948,48
650.05,"19",1918,83
547.1,"11",1966,68
450.5,"4",1957,75
675.24,"4",1918,53
371.57,"9",1948,70
616.45,"9",1918,54
715.82,"9",1918,65
848.23,"9",1966,85
674.92,"9",1918,67
603.34,"9",1918,55
371.91,"9",1924,87
327.75,"11",1971,49
457.96,"11",1960,60
736.27,"25",1957,76
1237.35,"25",1994,123
484.06,"25",1968,47
1416.96,"25",1966,170
527.12,"25",1948,57
423.22,"25",1948,56
268.53,"5",1957,87
725.13,"16",1973,84
609.03,"5",1918,100
785.36,"15",1998,70
621.52,"15",1948,100
1632.03,"13",1987,110
1041.13,"13",1971,116
561.38,"13",1980,66
599.75,"13",1960,59
516.27,"13",1957,79
591.18,"13",1972,76
567.55,"15",1987,59
316.56,"12",1918,63
796.99,"12",1966,85
290.49,"12",1948,50
735.42,"10",1972,94
352.44,"10",1972,36
611.63,"10",1966,70
429.49,"10",1957.5,60
376.25,"24",1999,44
510.24,"23",1998.5,42
330.96,"9",1957,56
493.83,"9",1976,50
542.94,"3",1960,76
362.93,"2",1918,90
401.37,"8",1939,43
603.27,"8",1972,58
328.03,"8",1918,75
1094.47,"12",1960,98
491.63,"11",1960,61
395.62,"12",1968,30
301.06,"3",1978,30
613.56,"3",1960,56
425.38,"16",1972,65
478.23,"9",1918,97
639.11,"16",1981,65
640.99,"14",1998.5,74
1198,"5",1918,140
327.84,"5",1966,87
299.45,"16",1957,53
565.49,"1",1957,80
487.16,"3",1918,55
321.56,"12",1957.5,20
359.5,"25",1966,61
447.23,"25",1966,78
707.39,"25",1998.5,82
526.98,"25",1998.5,52
532.96,"25",1967,59
652.9,"7",1970,63
335.55,"25",1987,42
444.23,"25",1972,84
787.4,"25",1978,91
124.47,"25",1957,52
621.73,"21",1988,66
843.65,"21",2000,83
637.59,"13",1985,92
922.52,"13",1993,80
582.38,"13",1973,50
572.36,"11",1960,65
960.64,"11",1997,94
311.05,"11",1970,77
376.65,"4",1957.5,32
448.16,"4",1966,59
438.92,"4",1960,52
567.55,"13",1997,56
415.18,"7",1996,35
600.26,"19",1966,67
728.19,"7",1993,75
823.17,"20",1966,86
554.44,"5",1918,55
392.68,"5",1918,79
379.46,"5",1918,96
615.88,"3",1918,73
428.71,"9",1918,70
983.99,"9",1957,97
478.27,"19",1972,90
553.66,"19",1966,65
692.33,"18",1957.5,63
526.01,"18",1976,80
513.4,"18",1918,60
826.45,"3",1957,68
640.89,"3",1966,88
399.54,"14",1973,53
854.18,"9",1918,160
576.51,"9",1967,74
743.37,"9",1918,110
400.23,"10",1966,77
366.06,"10",1999,36
1018.38,"9",1983,92
411.23,"10",1974,60
262.41,"11",1957,39
428.66,"11",1966,84
286.14,"11",1948,39
986.97,"1",1966,60
702.64,"2",1957,79
413.49,"3",1984,45
299.62,"2",1957,65
796.18,"3",1957,78
542.08,"3",1960,67
371.03,"25",1948,75
577.83,"16",1966,97
717.4,"16",1972,73
306.57,"16",1983,36
393.97,"8",1972,63
263.85,"8",1918,50
268.39,"8",1918,52
312,"3",1918,84
458.74,"20",1966,66
324.28,"4",1971,25
506.19,"25",1957.5,51
1018.22,"1",1918,146
880.49,"1",1957.5,71
409.04,"18",1957,50
473.18,"18",1957,83
439.08,"25",1957,63
500.24,"11",1971,68
649.34,"7",1975,94
484.03,"3",1966,55
335.21,"16",1970,60
706.73,"19",1971,92
807.86,"19",1924,68
664.69,"19",1972,75
666.91,"19",1969,150
340.01,"18",1948,62
298.42,"8",1918,71
486.37,"8",1973,53
204.52,"8",1973,55
788.91,"8",1918,80
529.13,"8",1918,47
210.05,"2",1918,87
299,"8",1924,72
690.52,"2",1918,83
340.98,"2",1973,26
213.01,"9",1924,51
480.63,"9",1960,47
812.96,"2",1918,73
449.94,"2",1957,35
1457.2,"8",1918,128
1000.41,"8",1918,102
461.54,"2",1918,80
287.14,"9",1960,23
1027.79,"9",1966,91
1002.8,"3",1994,71
357.91,"9",1957.5,36
479.63,"10",1924,109
478.07,"9",1978,45
432.14,"9",1924,55
531.2,"10",1972,73
505.87,"3",1957,50
409.05,"19",1966,45
565.8,"19",1966,64
685.78,"19",1972,82
321.1,"19",1966,49
897.43,"25",1994,80
787.38,"15",1998.5,75
352.8,"16",1969,40
355.15,"21",1972,28
789.25,"22",1989,103
894.6,"4",1993,67
478.9,"4",1966,53
444.67,"20",1966,70
215.95,"25",1924,43
554.76,"25",1918,62
393.59,"25",1924,74
646.8,"25",1996,52
747.83,"1",1957,74
427.86,"5",1957,44
771.21,"2",1918,70
376,"3",1960,28
269.63,"9",1957.5,45
654.46,"4",1918,64
323.87,"4",1966,31
493.85,"4",1966,69
780.91,"4",1918,75
951.02,"4",1957,102
618.67,"4",1948,55
658.87,"16",1996,70
553.35,"17",1957,72
214.14,"17",1948,36
389.49,"16",1960,49
386.22,"17",1918,37
328.63,"18",1948,56
812.97,"18",1918,74
810.55,"3",1972,110
498.06,"4",1957,67
559.67,"12",1989,50
515.77,"21",1924,44
812,"21",1974,73
971.47,"22",1993,90
360.57,"21",1918,64
269.7,"22",1948,63
356.89,"21",1966,45
256.67,"12",1948,44
313.84,"12",1948,33
485.43,"11",1960,66
283.07,"11",1966,52
869.85,"12",1972,109
446.07,"11",1960,71
130.35,"14",1948,36
388.6,"5",1972,47
696.09,"13",1948,77
413.66,"5",1924,97
444.83,"5",1960,42
485.72,"17",1918,91
580.28,"1",1918,110
1533.9,"1",1918,130
713.39,"1",1918,140
570.34,"14",1984,62
516.55,"14",1966,67
920.34,"5",1918,110
606.9,"5",1957.5,70
352.12,"5",1960,78
570.67,"13",1960,65
787.41,"5",1918,64
302.84,"5",1918,90
936.01,"5",1918,136
869.57,"14",1994,94
200.42,"14",1957,52
409.96,"14",1957,73
208.56,"14",1966,18
703.12,"14",1918,104
971.47,"14",1994,82
530.17,"5",1983,57
396.23,"8",1918,48
855.78,"8",1918,125
151,"4",1924,44
294,"4",1973,54
389.23,"4",1948,43
398.81,"2",1957,41
515.58,"2",1918,67
392.14,"2",1960,40
611.66,"4",1918,140
306.53,"4",1957,35
327.05,"2",1966,26
421.31,"2",1918,56
455.22,"12",1948,82
414.58,"24",1967,56
373.9,"24",1966,54
389.95,"24",1966,70
454.32,"24",1960,67
155.59,"24",1957.5,30
553.4,"7",1984,60
629.18,"7",1973,106
398.55,"6",1967,75
109.32,"7",1939,42
590.19,"16",1970,75
536.86,"16",1995,57
543.41,"13",1924,75
583.53,"15",1999,60
322.13,"13",1948,51
512.58,"21",1960,71
688.51,"22",1960,78
321.21,"21",1972,53
896.82,"2",1918,90
281.21,"2",1918,35
758.37,"2",1957,103
1252.69,"2",1918,93
997.03,"2",1918,82
345.54,"25",1948,53
284.55,"19",1948,55
361.7,"19",1968,47
614.58,"19",1960,56
779.73,"21",1967,87
720.11,"22",1969,105
591,"22",1997,70
404.18,"21",1967,52
492.94,"20",1983,60
611.56,"20",1974,77
853.32,"20",1997,96
588.74,"20",1948,49
529.62,"25",1973,59
518.61,"3",1957.5,67
379.11,"8",1918,43
1109.52,"3",1918,137
368.13,"9",1918,55
476.79,"2",1957.5,64
485.93,"3",1957,54
279.81,"3",1960,39
605.6,"3",1957,70
166.48,"9",1918,41
210.55,"9",1957,65
670.34,"9",1977,80
419.22,"3",1979,46
701.46,"4",1918,85
666.22,"12",1986,79
383.47,"12",1973,38
1135.96,"4",1960,111
323.92,"4",1960,30
620.44,"24",1966,71
463.64,"10",1966,49
807.75,"10",1969,73
343.22,"10",1972,31
275.52,"10",1960,45
613.56,"23",1993,59
594.93,"13",1992,65
820.88,"13",1989,94
634.09,"12",1918,62
470.52,"11",1994,54
359.91,"4",1966,52
355.5,"9",1918,63
1227.12,"9",1924,121
407.23,"9",1972,31
388.59,"2",1957.5,62
504.13,"8",1957,82
695.37,"2",1948,92
575.23,"21",1918,70
677.98,"20",1974,94
539.86,"20",1975,81
414.97,"20",1969,30
336.27,"20",1960,104
848.11,"9",1918,72
752.08,"10",1924,98
697.15,"9",1960,90
422.46,"9",1966,56
296.46,"11",1966,67
899.95,"12",1918,85
884.16,"12",1918,83
463.97,"4",1960,73
608.72,"13",1996,55
342.57,"15",1973,34
983.13,"14",1996,80
347.98,"16",1969,52
256.94,"3",1957,28
251.43,"3",1957,70
678.48,"13",1972,77
604.19,"13",1992,65
724,"13",1992,70
228.87,"18",1966,39
1175.97,"6",1918,125
554.99,"17",1957,58
664.69,"20",1973,64
370.61,"6",1966,70
561.12,"20",1974,72
840,"20",1966,81
725.94,"21",1973,89
517.97,"21",1993,40
652.93,"21",1983,72
250.4,"25",1968,40
794.02,"19",1973,77
514.35,"19",1970,75
438.69,"19",1973,79
925.45,"19",1957,80
299.52,"19",1966,63
358.18,"1",1957,42
1147.85,"1",1986,106
900,"1",1918,120
1575.71,"1",1997,121
651.03,"1",1997,63
582.89,"19",1993,72
660.18,"20",1976,90
562.42,"25",1981,65
432.05,"11",1966,53
802.93,"1",1918,123
340.67,"19",1972,64
538.1,"19",1974,47
720.59,"19",1987,80
408.75,"19",1969,70
654.78,"19",1969,88
380.76,"19",1983,38
1030.03,"13",1980,150
536.07,"13",1993,75
1015.18,"13",1967,67
794.31,"24",1973,83
172.23,"11",1948,39
163.41,"11",1957,40
235.96,"17",1960,47
651.93,"17",1948,83
631.62,"5",1982,55
654.68,"18",1957,70
303.45,"5",1966,52
847.8,"13",1985,82
529.46,"5",1918,111
897.98,"16",1992,78
634.21,"21",1966,67
401.89,"21",1957.5,36
549.2,"22",1971,60
111.97,"16",1973,43
348,"18",1966,34
746.5,"18",1997,76
446.26,"13",1983,48
585.03,"4",1966,73
538.17,"17",1957,110
556.43,"14",1973,72
571.6,"18",1984,49
1155.54,"13",2000,93
963.1,"13",1970,84
319.56,"13",1968,30
538.62,"13",1918,52
502.31,"13",1967,73
444.65,"13",1966,85
603.34,"13",1986,79
777.17,"18",1972,71
640.86,"18",1948,62
466.58,"18",1957.5,62
271.17,"17",1972,93
463,"18",1967,74
753.02,"5",1918,120
602.61,"3",1957,60
373.34,"4",1972,29
1101.85,"3",1957.5,110
317.62,"3",1960,49
900.65,"2",1985,83
377.87,"2",1918,68
924.55,"2",1918,120
562.43,"17",1991,54
485.74,"5",1966,45
314.09,"17",1918,28
493.41,"10",1924,97
222.41,"9",1957,50
1532.99,"4",1918,174
493.13,"4",1924,109
351.86,"12",1948,92
485.74,"16",1957,50
511.3,"6",1992,53
552.2,"6",1992,45
455.05,"25",1960,64
271.9,"7",1970,30
385.6,"11",1948,55
265.88,"3",1972,20
899.89,"6",1918,82
473.64,"11",1957.5,108
128.9,"24",1966,30
388.92,"2",1918,125
1136.95,"4",1918,125
747.73,"2",1918,101
248.34,"2",1918,91
789.56,"12",1948,81
893.25,"4",1918,73
405.6,"2",1957,63
458.85,"7",1981,47
536.86,"1",1957,47
373.47,"12",1918,53
388.81,"1",1957,40
916.25,"5",1948,92
345.29,"14",1918,58
549.68,"14",1980,73
290.71,"3",1939,70
426.46,"12",1983,34
434.68,"12",1973,44
335.21,"7",1966,48
309,"7",1957,58
346.67,"7",1960,52
423.45,"7",1983,62
765.77,"2",1957,102
403.92,"8",1972,48
474.76,"2",1918,102
602.23,"2",1918,61
323.3,"5",1980,29
511.6,"13",1957,74
98.85,"13",1948,43
591.24,"16",1969,75
518.51,"13",1992,43
522.03,"25",1966,80
373.37,"25",1918,40
781.05,"25",1974,70
296.75,"2",1918,75
1068.13,"2",1998.5,78
266.26,"11",1948,38
483,"12",1924,45
569,"11",1960,43
555.34,"11",1966,58
307.53,"11",1985,27
294.05,"11",1972,33
301.09,"11",1966,65
741.39,"22",1969,108
625.69,"21",1972,74
521.52,"20",1974,63
408.21,"20",1975,39
620.26,"7",1974,79
449.97,"20",1966,60
284.94,"8",1918,26
608.45,"8",1973,67
567.25,"8",1918,58
356.16,"8",1918,48
621.23,"9",1957.5,62
611.62,"2",1980,54
689.78,"2",1918,102
339.62,"25",1948,53
617.27,"25",1996,63
644.84,"7",1970,86
383.26,"7",1960,32
297.76,"7",1960,61
290.2,"7",1967,37
569.47,"7",1960,69
454.09,"6",1960,44
265.02,"17",1960,43
670.99,"18",1986,55
444.29,"2",1957,61
710.71,"9",1918,79
282.95,"2",1918,70
588,"9",1918,60
1380.51,"9",1918,104
1068.64,"9",1977,90
383.47,"16",1957.5,39
221.94,"5",1918,80
706.24,"5",1918,64
612.21,"5",1918,90
613.56,"5",1918,55
470.4,"5",1918,87
869.21,"6",1918,93
713.01,"5",1998,82
475.5,"5",1918,45
388.59,"5",1966,34
346.69,"16",1957,77
765,"14",1998.5,60
741.39,"15",1998,60
392.67,"15",1972,58
444.84,"14",1996,43
791.86,"15",1993,74
554,"13",1957,67
770.34,"5",1982,110
489.89,"15",1998.5,53
104.14,"5",1948,71
611.87,"10",1972,54
444.84,"24",1957,59
730.72,"10",1981,75
412.21,"9",1918,62
1482.77,"4",1918,108
646.63,"4",1971,72
273.92,"8",1960,28
325.85,"2",1957,34
894.2,"2",1918,105
649.55,"8",1918,80
895,"2",1918,94
431.54,"2",1918,53
508.85,"3",1966,64
603.33,"1",1957,56
1088.36,"3",1918,105
516.29,"9",1969,83
383.48,"9",1973,37
434.61,"9",1966,35
307.81,"9",1957,69
175.25,"9",1960,28
547.92,"9",1993,65
313.06,"19",1918,35
424,"19",1957.5,64
747.68,"19",1996,80
672.21,"21",1974,84
118.09,"22",1966,30
336,"6",1948,30
522.08,"6",1957,81
577.78,"16",1984,48
495.96,"5",1957,49
506.19,"18",1969,58
261.38,"5",1918,66
1342.17,"5",1918,130
227.91,"5",1918,50
501.7,"4",1957,78
401.86,"3",1966,20
480.61,"4",1993,47
1138.17,"4",1918,113
301.15,"5",1960,33
901.6,"5",1957,100
879.66,"19",1988,72
398.27,"19",1966,50
383.48,"17",1918,38
321.48,"17",1973,32
501.08,"25",1957,51
611.48,"20",1966,79
284.37,"25",1957,93
471.99,"11",1960,48
373.34,"20",1970,42
249.93,"7",1968,70
545.73,"20",1974,86
400.44,"18",1966,74
613.56,"5",1957,65
524.85,"18",1987,58
1062.18,"2",1918,100
746.5,"3",1957,67
430.06,"2",1918,54
541.98,"7",1960,72
546.4,"7",1960,56
431.15,"15",1960,51
945.91,"13",1973,126
710.87,"13",1999,85
518.87,"14",1983,35
390.74,"21",1957,47
440.85,"21",1957,86
396.67,"22",1969,71
322.12,"5",1972,30
588,"16",1984,70
398.64,"5",1966,34
562.43,"8",1957.5,55
577.86,"8",1918,102
798.42,"8",1918,96
919.3,"8",1918,116
567.54,"6",1998.5,50
509.39,"3",1957,52
443.6,"3",1918,140
767.47,"4",1957,79
465.28,"4",1975,46
1459.49,"12",1918,167
197.44,"9",1924,42
375.7,"9",1918,52
717.13,"9",1970,82
255.57,"9",1918,50
282.24,"9",1924,46
776.99,"8",1918,123
828.19,"9",1918,83
457.57,"9",1967,90
1196.44,"13",1960,70
588,"4",1966,57
253.92,"12",1957,33
1048.17,"12",1990,100
396.7,"4",1966,56
596.53,"4",1966,56
769.51,"3",1957,80
250.54,"3",1966,21
296.78,"3",1957,30
423.26,"4",1918,80
685.91,"12",1918,80
319.84,"6",1957,51
412.61,"6",1957.5,44
513.12,"7",1966,50
638.89,"6",1918,100
869.21,"1",1957,85
496.99,"10",1996,46
475.5,"25",1970,88
649.5,"25",1974,70
295.72,"19",1969,38
495.97,"19",1973,51
461.54,"19",1970,82
435.61,"19",1966,47
875.73,"19",1966,100
449.73,"13",1969,72
373.11,"13",1969,40
661.61,"15",1983,71
261.28,"17",1957,49
644.23,"17",1970,78
470,"17",1966,45
499.75,"17",1966,53
570.9,"12",1966,73
818.08,"4",1967,103
387.69,"16",1957.5,50
426.06,"16",1966,64
564.6,"16",1984,78
801.09,"2",1998.5,88
509.26,"9",1966,62
731.16,"10",1972,80
839.89,"9",1973,65
445.41,"3",1948,54
273.75,"3",1957,25
314.45,"4",1957,32
935.55,"2",1918,155
356.08,"2",1918,70
472.74,"2",1918,80
280.21,"3",1918,28
357.91,"6",1918,31
644.79,"18",1924,87
501.07,"9",1939,51
612.15,"25",1998,55
541.98,"4",1988,51
165.26,"25",1957,56
242.36,"25",1972,28
654.46,"13",1957,60
920.34,"4",1924,121
285.73,"11",1970,66
292.7,"17",1966,36
510.79,"4",1999,42
997.04,"9",1918,144
738.29,"12",1980,77
305.81,"12",1918,60
794.11,"12",1957,80
398.81,"25",1967,36
349.05,"25",1948,63
392.87,"25",1924,95
322.88,"2",1960,27
1150.42,"2",1957.5,105
741.39,"5",1918,81
748.55,"3",1957,63
752.8,"4",1972,98
1149.09,"12",1968,114
622.05,"12",1985,75
788.16,"12",1998.5,77
456.25,"15",1991,56
719.74,"14",1985,69
292.95,"16",1992,62
429.49,"16",1969,60
345.83,"16",1983,41
801.96,"15",1993,70
414.7,"14",1974,56
548.39,"15",1979,47
607.42,"5",1960,60
559.52,"5",1973,96
684.21,"5",1981,62
784.32,"2",1918,140
613.56,"5",1957,59
419.26,"11",1960,69
470.4,"4",1969,38
588,"11",1973,70
233.58,"21",1918,75
958.5,"22",1996,97
330.25,"14",1957,51
642.55,"16",1966,64
480,"11",1969,75
664.69,"2",1987,78
352.71,"2",1918,36
654.45,"9",1969,86
1314.37,"9",1918,163
272.24,"8",1918,37
381.5,"8",1957.5,57
502.57,"9",1918,79
481.34,"9",1924,101
672.36,"9",1994,54
674.74,"9",1957,79
438.45,"9",1957.5,45
766.95,"9",1918,82
557.32,"9",1972,59
512.88,"24",1967,71
555.5,"10",1972,80
418.23,"10",1984,42
667.65,"12",1984,52
712.76,"12",1918,178
641.68,"11",1985,58
432.71,"11",1966,60
642.51,"11",1966,76
392.06,"11",1960,54
632.38,"13",1966,56
855.52,"13",1998,91
695.2,"13",1968,94
564.46,"13",1985,64
967,"21",1995,100
876.88,"21",1998.5,77
482.77,"21",1986,65
625.31,"18",1966,70
528.68,"18",1948,62
507.95,"18",1918,60
664.69,"16",1973,77
749.7,"16",1997,100
520.33,"14",1972,79
675,"14",1960,66
429.69,"13",1924,108
598.41,"9",1918,110
377.98,"9",1960,45
446.85,"9",1957,48
644.03,"9",1993,56
710.7,"2",1983,61
398.17,"3",1957,64
869.21,"8",1918,99
724.94,"10",1966,76
567.88,"11",1970,61
402.9,"11",1966,64
329.68,"11",1948,58
326.95,"10",1966,36
356.1,"5",1918,110
503.72,"5",1918,61
1184.64,"5",1998.5,93
419.26,"4",1960,42
848.98,"9",1918,80
698.41,"9",1960,83
490.34,"2",1918,64
411.6,"2",1918,96
479.01,"8",1918,55
826.3,"2",1957,82
368.13,"8",1957.5,45
869.21,"8",1957.5,85
630.83,"2",1918,91
1000.12,"24",1998,100
1135.07,"12",1996,120
515.39,"2",1939,44
922.14,"13",1970,93
582.89,"13",1991,67
306.78,"13",1972,26
552.19,"13",1996,55
1173.33,"5",1998.5,100
373.18,"22",1960,42
855.85,"22",1960,86
145.31,"21",1957,62
120.8,"22",1969,56
775.49,"25",1918,126
446.44,"25",1974,62
546.58,"25",1969,65
425.63,"25",1960,48
490.31,"25",1957,71
313.69,"25",1948,53
706.84,"18",1966,113
475.51,"18",1957,42
1210.4,"9",1918,128
706.19,"9",1918,85
360,"19",1975,33
1519.2,"19",1918,160
598.21,"19",1918,70
797.11,"19",1966,75
422.53,"10",1924,87
632.45,"10",1918,100
287.2,"1",1918,67
804.79,"1",1918,147
554.76,"1",1990,48
484.6,"1",1918,120
428.07,"2",1991,52
1002.15,"2",2000,81
452.02,"2",1918,61
937.49,"13",1983,97
920.46,"18",1966,107
847.38,"19",2000,81
416.91,"19",1966,48
294.37,"16",1970,30
265.88,"16",1973,22
587.99,"13",1970,66
413.1,"18",1948,59
336.45,"17",1971,27
814.93,"19",1974,86
702,"19",1967,70
523.8,"9",1924,91
279.04,"3",1957,57
510.8,"9",1918,65
486.76,"9",1957,65
894.76,"9",1980,85
588.77,"8",1918,89
777.17,"11",1966,62
637.65,"24",1998.5,84
296.4,"14",1971,30
542,"14",1984,66
222.5,"14",1966,50
271.77,"14",1960,42
194.92,"14",1924,52
382.42,"16",1918,77
285.07,"16",1918,58
286.8,"5",1972,20
706.65,"16",1957,77
558.06,"16",1986,57
797.62,"5",1918,72
838.53,"5",1918,66
417.73,"17",1948,51
884.55,"6",1981,84
680.03,"5",1918,62
340.52,"11",2000,43
461.19,"11",1960,54
938.73,"10",1988,73
560.9,"2",1957,72
807.29,"2",1972,67
291.33,"19",1972,38
1034.33,"19",1973,100
567.55,"18",1991,65
696.39,"5",1994,74
588.82,"19",1966,62
764.61,"8",1918,86
690,"8",1918,76
655.76,"8",1960,83
380.25,"2",1960,34
498.51,"6",1966,57
959.56,"21",1918,102
400.05,"6",1918,57
1140,"2",1918,129
522.96,"2",1918,104
306.78,"2",1957,35
112.08,"6",1918,52
700.38,"17",1948,90
491.12,"25",1967,56
521.48,"20",1983,51
466.81,"25",1957,46
649.35,"3",1957,70
383.48,"4",1960,35
766.95,"17",1983,77
559.51,"6",1998.5,58
396.26,"12",1969,32
613.53,"25",1957,60
685.14,"2",1918,67
574.96,"2",2000,50
838.53,"16",1980,102
912.72,"3",1918,76
301.97,"4",1957,30
706.89,"3",1957,65
613.56,"25",1967,77
353.41,"25",1966,29
295.19,"25",1967,40
335.48,"25",1967,28
519.82,"25",1966,64
772.69,"6",1966,120
419.01,"20",1948,42
448.34,"7",1982,50
325.84,"7",1973,40
339.09,"20",1976,43
819.74,"20",1998.5,91
779.37,"20",1948,108
574.65,"20",1966,74
775.54,"20",1957.5,80
627.11,"7",1948,75
650.89,"7",1992,58
961.23,"16",1924,85
605.58,"16",1973,62
592.67,"16",1971,68
691.01,"9",1948,74
970.05,"9",1960,90
383.94,"25",1918,47
434.37,"6",1992,37
534.3,"20",1981,57
359.75,"20",1966,65
530.63,"10",1966,73
664.69,"25",1974,73
183.09,"25",1918,46
374.15,"25",1967,35
568.5,"25",1924,71
516.41,"25",1957,51
719.5,"25",1918,88
362.86,"25",1948,58
766.95,"17",1994,89
499.95,"16",1984,74
657.51,"16",1973,81
591.62,"16",1985,57
724.65,"2",1957,71
781.8,"17",1948,76
700.48,"17",1960,95
927.59,"18",1948,120
1046.87,"18",1957,110
433.04,"18",1957,65
346.48,"18",1960,49
584.79,"17",1939,92
357.83,"4",1987,34
766.95,"4",1960,90
367.01,"3",1948,62
530.91,"4",1918,100
667.92,"4",1924,96
327.23,"4",1972,35
817.97,"4",1960,100
702,"4",1957,72
957.26,"3",1957.5,70
281.21,"3",1918,53
178.95,"4",1957,43
337.46,"4",1967,37
390.75,"4",1975,28
493.41,"4",1918,98
423.01,"4",1966,54
1278.25,"2",1957.5,133
521.53,"8",1957.5,45
361.91,"8",1918,75
992.72,"2",1918,95
945.91,"9",1918,110
583.91,"9",1948,67
105.9,"9",1957,46
522.75,"9",1960,65
1329.38,"9",1918,89
1022.6,"9",1924,125
674.63,"9",1924,64
727.66,"21",1957,77
601.71,"22",1998.5,57
601.02,"15",1992,60
1527.3,"13",1918,170
524.76,"15",1992,70
489.44,"15",1993,51
732.8,"14",1977,100
949.65,"15",2001,80
482.83,"15",1993,50
375.62,"16",1969,62
621.72,"16",1993,68
700.99,"13",1991,80
771.76,"13",1989,60
693.59,"15",1971,80
874.32,"15",1992,75
362,"3",1957,59
808.25,"12",1918,76
922.64,"4",1924,140
704.44,"20",1984,88
486.1,"6",1966,70
608.44,"7",1998,59
692.81,"6",1957,55
512.37,"7",1993,57
639.13,"7",1957.5,73
1022.16,"7",1992,92
421.73,"7",1960,56
398.88,"7",1948,83
399.43,"6",1924,74
390.52,"2",1957,65
611.82,"2",1957,65
787.4,"2",1993,69
629.7,"2",1983,51
811.93,"3",1980,102
765.87,"7",1966,98
391.14,"5",1957,32
772.48,"16",1989,80
403.04,"17",1957,37
569.08,"17",1971,74
606.35,"19",1960,77
591.71,"19",1995,56
917.02,"5",1918,102
483.18,"19",1971,69
421.61,"14",1975,57
590.96,"19",1972,86
458.35,"18",1971,57
505.72,"18",1918,57
613.56,"6",1918,56
559.37,"10",1990,67
338.95,"19",1960,36
455.06,"19",1973,56
251.15,"9",1972,33
673.96,"20",1981,81
764.94,"20",1993,67
914.73,"20",1971,124
464.6,"5",1957.5,72
455.28,"5",1957,64
409.42,"5",1918,80
483.19,"5",1918,37
663.85,"5",1918,120
656.83,"5",1918,100
269.93,"4",1993,52
768.54,"4",1966,80
613.55,"4",1966,75
314.38,"4",1948,50
222.42,"3",1957,61
330.12,"4",1918,63
492.41,"15",1992,70
629.49,"16",1918,82
613.56,"13",1989,71
537.9,"13",1998.5,59
530.62,"13",1990,60
812.96,"13",1987,78
352.8,"9",1918,61
373.19,"5",1975,40
741.38,"6",1992,68
777.18,"6",1918,75
745.82,"20",1994,57
418.63,"7",1960,78
317,"7",1970,32
209.3,"13",1969,32
505.7,"6",1980,70
1214.8,"25",1996,145
1278.25,"12",1960,121
388.59,"2",1960,31
664.69,"2",1918,80
386.91,"2",1960,30
272.62,"5",1966,29
674.92,"5",1957,56
441.29,"3",1957,50
322.51,"19",1957,40
603.56,"2",1918,46
396.73,"24",1988,36
292.64,"3",1960,25
500.18,"19",1973,96
1159.36,"19",2000,152
373.56,"6",1957.5,43
586.29,"6",1918,82
633.65,"6",1970,86
313.66,"21",1948,55
839.77,"3",1918,86
1069.68,"3",1981,90
326.86,"12",1924,45
783.44,"12",1981,89
466.36,"12",1918,48
342.57,"11",1972,32
697.71,"11",1966,80
668.24,"2",1918,57
480.63,"2",1918,56
511.93,"3",1957,75
796.61,"3",1960,84
623.79,"3",1960,51
534.05,"2",1987,54
396.87,"3",1957,57
843.64,"3",1918,87
624.96,"5",1918,55
671.34,"9",1960,83
846.58,"9",1918,89
420.26,"2",1918,62
1088.74,"9",1960,88
447.1,"8",1966,49
310.4,"8",1939,45
997.04,"8",1995,85
613.12,"18",1924,93
486.26,"19",1966,98
380.13,"11",1960,69
383.48,"12",1924,48
398.81,"24",1966,62
466.79,"4",1988,57
1012.58,"4",1972,128
521.75,"4",1960,67
483.18,"2",1957,53
855.03,"4",1948,83
541.98,"13",2001,53
218.11,"25",1957,48
406.93,"10",1966,65
276.2,"10",1973,32
813.56,"3",1993,63
320.08,"3",1972,27
489.83,"3",1924,65
626.5,"20",1993,85
305.31,"7",1974,35
555.55,"20",1974,76
289.08,"17",1957,42
392.94,"16",1966,66
532.56,"17",1918,50
988,"17",1992,87
397.98,"17",1957.5,93
470.39,"16",1983,48
505.99,"16",1987,50
260.15,"16",1948,52
802.99,"19",1992,94
271.16,"19",1966,35
567.54,"16",1973,70
323.42,"21",1970,35
506.19,"7",1966,65
